{
  "0": {
    "precision": 0.9571428571428572,
    "recall": 0.9178082191780822,
    "f1-score": 0.9370629370629371,
    "support": 73
  },
  "1": {
    "precision": 0.9148936170212766,
    "recall": 0.9772727272727273,
    "f1-score": 0.945054945054945,
    "support": 44
  },
  "2": {
    "precision": 0.9576923076923077,
    "recall": 0.9803149606299213,
    "f1-score": 0.9688715953307393,
    "support": 254
  },
  "3": {
    "precision": 0.9811320754716981,
    "recall": 0.9629629629629629,
    "f1-score": 0.9719626168224299,
    "support": 54
  },
  "4": {
    "precision": 0.9606299212598425,
    "recall": 0.9457364341085271,
    "f1-score": 0.9531249999999999,
    "support": 129
  },
  "5": {
    "precision": 0.9850746268656716,
    "recall": 0.9565217391304348,
    "f1-score": 0.9705882352941176,
    "support": 69
  },
  "6": {
    "precision": 0.9821428571428571,
    "recall": 0.9649122807017544,
    "f1-score": 0.9734513274336283,
    "support": 114
  },
  "7": {
    "precision": 0.9764705882352941,
    "recall": 0.9880952380952381,
    "f1-score": 0.9822485207100591,
    "support": 84
  },
  "8": {
    "precision": 0.9634146341463414,
    "recall": 0.9875,
    "f1-score": 0.9753086419753086,
    "support": 80
  },
  "9": {
    "precision": 0.9587628865979382,
    "recall": 0.9587628865979382,
    "f1-score": 0.9587628865979382,
    "support": 97
  },
  "10": {
    "precision": 0.9861111111111112,
    "recall": 0.9342105263157895,
    "f1-score": 0.9594594594594595,
    "support": 152
  },
  "11": {
    "precision": 0.9893617021276596,
    "recall": 0.9393939393939394,
    "f1-score": 0.9637305699481866,
    "support": 99
  },
  "12": {
    "precision": 0.9805825242718447,
    "recall": 0.9805825242718447,
    "f1-score": 0.9805825242718447,
    "support": 103
  },
  "13": {
    "precision": 0.9494949494949495,
    "recall": 0.9494949494949495,
    "f1-score": 0.9494949494949495,
    "support": 99
  },
  "14": {
    "precision": 0.926605504587156,
    "recall": 0.926605504587156,
    "f1-score": 0.926605504587156,
    "support": 109
  },
  "15": {
    "precision": 0.9519650655021834,
    "recall": 0.9819819819819819,
    "f1-score": 0.966740576496674,
    "support": 222
  },
  "16": {
    "precision": 0.9266666666666666,
    "recall": 0.9328859060402684,
    "f1-score": 0.9297658862876254,
    "support": 149
  },
  "17": {
    "precision": 0.9482758620689655,
    "recall": 0.9322033898305084,
    "f1-score": 0.94017094017094,
    "support": 118
  },
  "18": {
    "precision": 0.9757785467128027,
    "recall": 0.9657534246575342,
    "f1-score": 0.9707401032702238,
    "support": 292
  },
  "19": {
    "precision": 0.9528301886792453,
    "recall": 0.9528301886792453,
    "f1-score": 0.9528301886792453,
    "support": 106
  },
  "20": {
    "precision": 0.9572649572649573,
    "recall": 0.9739130434782609,
    "f1-score": 0.9655172413793104,
    "support": 115
  },
  "21": {
    "precision": 0.9305555555555556,
    "recall": 0.9710144927536232,
    "f1-score": 0.9503546099290779,
    "support": 138
  },
  "22": {
    "precision": 0.968421052631579,
    "recall": 0.983957219251337,
    "f1-score": 0.9761273209549072,
    "support": 187
  },
  "23": {
    "precision": 0.9672131147540983,
    "recall": 0.9672131147540983,
    "f1-score": 0.9672131147540983,
    "support": 61
  },
  "24": {
    "precision": 0.9714285714285714,
    "recall": 0.9659090909090909,
    "f1-score": 0.9686609686609686,
    "support": 176
  },
  "25": {
    "precision": 1.0,
    "recall": 1.0,
    "f1-score": 1.0,
    "support": 22
  },
  "26": {
    "precision": 0.9683257918552036,
    "recall": 0.9683257918552036,
    "f1-score": 0.9683257918552036,
    "support": 221
  },
  "27": {
    "precision": 0.9340659340659341,
    "recall": 0.9239130434782609,
    "f1-score": 0.9289617486338797,
    "support": 92
  },
  "28": {
    "precision": 0.9272727272727272,
    "recall": 0.9444444444444444,
    "f1-score": 0.9357798165137615,
    "support": 108
  },
  "29": {
    "precision": 0.8333333333333334,
    "recall": 1.0,
    "f1-score": 0.9090909090909091,
    "support": 5
  },
  "30": {
    "precision": 0.9690721649484536,
    "recall": 0.9690721649484536,
    "f1-score": 0.9690721649484536,
    "support": 194
  },
  "31": {
    "precision": 1.0,
    "recall": 0.9875,
    "f1-score": 0.9937106918238994,
    "support": 80
  },
  "32": {
    "precision": 0.945054945054945,
    "recall": 0.9247311827956989,
    "f1-score": 0.9347826086956522,
    "support": 93
  },
  "33": {
    "precision": 0.954248366013072,
    "recall": 0.9605263157894737,
    "f1-score": 0.9573770491803278,
    "support": 152
  },
  "34": {
    "precision": 0.948051948051948,
    "recall": 0.9733333333333334,
    "f1-score": 0.9605263157894737,
    "support": 75
  },
  "35": {
    "precision": 0.9468085106382979,
    "recall": 0.9468085106382979,
    "f1-score": 0.9468085106382979,
    "support": 94
  },
  "36": {
    "precision": 0.9747899159663865,
    "recall": 0.9206349206349206,
    "f1-score": 0.946938775510204,
    "support": 126
  },
  "37": {
    "precision": 0.971830985915493,
    "recall": 0.971830985915493,
    "f1-score": 0.971830985915493,
    "support": 71
  },
  "38": {
    "precision": 0.9185185185185185,
    "recall": 0.9763779527559056,
    "f1-score": 0.9465648854961832,
    "support": 127
  },
  "39": {
    "precision": 0.9704142011834319,
    "recall": 0.9425287356321839,
    "f1-score": 0.956268221574344,
    "support": 174
  },
  "40": {
    "precision": 0.9436619718309859,
    "recall": 0.8481012658227848,
    "f1-score": 0.8933333333333333,
    "support": 79
  },
  "41": {
    "precision": 0.9541984732824428,
    "recall": 0.946969696969697,
    "f1-score": 0.9505703422053233,
    "support": 132
  },
  "42": {
    "precision": 0.9538461538461539,
    "recall": 0.9538461538461539,
    "f1-score": 0.9538461538461539,
    "support": 65
  },
  "43": {
    "precision": 0.9495798319327731,
    "recall": 0.9741379310344828,
    "f1-score": 0.9617021276595743,
    "support": 116
  },
  "44": {
    "precision": 0.9416666666666667,
    "recall": 0.9658119658119658,
    "f1-score": 0.9535864978902954,
    "support": 117
  },
  "45": {
    "precision": 0.8983050847457628,
    "recall": 0.9464285714285714,
    "f1-score": 0.9217391304347826,
    "support": 56
  },
  "46": {
    "precision": 1.0,
    "recall": 0.9459459459459459,
    "f1-score": 0.9722222222222222,
    "support": 37
  },
  "47": {
    "precision": 0.9174311926605505,
    "recall": 0.9433962264150944,
    "f1-score": 0.9302325581395349,
    "support": 106
  },
  "48": {
    "precision": 0.9487179487179487,
    "recall": 0.925,
    "f1-score": 0.9367088607594937,
    "support": 80
  },
  "49": {
    "precision": 0.9324324324324325,
    "recall": 0.965034965034965,
    "f1-score": 0.9484536082474226,
    "support": 143
  },
  "50": {
    "precision": 0.9481481481481482,
    "recall": 0.9624060150375939,
    "f1-score": 0.955223880597015,
    "support": 133
  },
  "51": {
    "precision": 0.957983193277311,
    "recall": 0.9743589743589743,
    "f1-score": 0.9661016949152542,
    "support": 117
  },
  "52": {
    "precision": 0.9662921348314607,
    "recall": 0.9347826086956522,
    "f1-score": 0.9502762430939227,
    "support": 92
  },
  "53": {
    "precision": 0.9479166666666666,
    "recall": 0.9891304347826086,
    "f1-score": 0.9680851063829786,
    "support": 92
  },
  "54": {
    "precision": 0.9741935483870968,
    "recall": 0.94375,
    "f1-score": 0.9587301587301588,
    "support": 160
  },
  "55": {
    "precision": 0.963963963963964,
    "recall": 0.9224137931034483,
    "f1-score": 0.9427312775330396,
    "support": 116
  },
  "56": {
    "precision": 0.974025974025974,
    "recall": 0.9259259259259259,
    "f1-score": 0.949367088607595,
    "support": 81
  },
  "57": {
    "precision": 0.9875,
    "recall": 0.9634146341463414,
    "f1-score": 0.9753086419753086,
    "support": 164
  },