{
  "0": {
    "precision": 0.6666666666666666,
    "recall": 0.782608695652174,
    "f1-score": 0.72,
    "support": 46
  },
  "1": {
    "precision": 0.5362318840579711,
    "recall": 0.7254901960784313,
    "f1-score": 0.6166666666666667,
    "support": 51
  },
  "2": {
    "precision": 0.3953488372093023,
    "recall": 0.3333333333333333,
    "f1-score": 0.36170212765957444,
    "support": 51
  },
  "3": {
    "precision": 0.55,
    "recall": 0.43137254901960786,
    "f1-score": 0.4835164835164835,
    "support": 51
  },
  "4": {
    "precision": 0.2830188679245283,
    "recall": 0.29411764705882354,
    "f1-score": 0.2884615384615385,
    "support": 51
  },
  "5": {
    "precision": 0.3157894736842105,
    "recall": 0.46153846153846156,
    "f1-score": 0.37499999999999994,
    "support": 39
  },
  "6": {
    "precision": 0.4482758620689655,
    "recall": 0.4262295081967213,
    "f1-score": 0.43697478991596633,
    "support": 61
  },
  "7": {
    "precision": 0.54,
    "recall": 0.45,
    "f1-score": 0.49090909090909096,
    "support": 60
  },
  "8": {
    "precision": 0.3148148148148148,
    "recall": 0.3695652173913043,
    "f1-score": 0.34,
    "support": 46
  },
  "9": {
    "precision": 0.5576923076923077,
    "recall": 0.58,
    "f1-score": 0.5686274509803922,
    "support": 50
  },
  "10": {
    "precision": 0.3488372093023256,
    "recall": 0.35714285714285715,
    "f1-score": 0.35294117647058826,
    "support": 42
  },
  "11": {
    "precision": 0.3829787234042553,
    "recall": 0.391304347826087,
    "f1-score": 0.3870967741935484,
    "support": 46
  },
  "12": {
    "precision": 0.4444444444444444,
    "recall": 0.4666666666666667,
    "f1-score": 0.45528455284552843,
    "support": 60
  },
  "13": {
    "precision": 0.4782608695652174,
    "recall": 0.3793103448275862,
    "f1-score": 0.4230769230769231,
    "support": 58
  },
  "14": {
    "precision": 0.4358974358974359,
    "recall": 0.40476190476190477,
    "f1-score": 0.4197530864197531,
    "support": 42
  },
  "15": {
    "precision": 0.38,
    "recall": 0.3333333333333333,
    "f1-score": 0.3551401869158878,
    "support": 57
  },
  "16": {
    "precision": 0.5,
    "recall": 0.6153846153846154,
    "f1-score": 0.5517241379310345,
    "support": 39
  },
  "17": {
    "precision": 0.48936170212765956,
    "recall": 0.6216216216216216,
    "f1-score": 0.5476190476190476,
    "support": 37
  },
  "18": {
    "precision": 0.3389830508474576,
    "recall": 0.4166666666666667,
    "f1-score": 0.37383177570093457,
    "support": 48
  },
  "19": {
    "precision": 0.3170731707317073,
    "recall": 0.325,
    "f1-score": 0.3209876543209877,
    "support": 40
  },
  "20": {
    "precision": 0.5862068965517241,
    "recall": 0.6538461538461539,
    "f1-score": 0.6181818181818182,
    "support": 52
  },
  "21": {
    "precision": 0.582089552238806,
    "recall": 0.7358490566037735,
    "f1-score": 0.65,
    "support": 53
  },
  "22": {
    "precision": 0.4117647058823529,
    "recall": 0.4117647058823529,
    "f1-score": 0.4117647058823529,
    "support": 51
  },
  "23": {
    "precision": 0.5192307692307693,
    "recall": 0.5869565217391305,
    "f1-score": 0.5510204081632654,
    "support": 46
  },
  "24": {
    "precision": 0.6666666666666666,
    "recall": 0.6909090909090909,
    "f1-score": 0.6785714285714286,
    "support": 55
  },
  "25": {
    "precision": 0.32558139534883723,
    "recall": 0.2916666666666667,
    "f1-score": 0.30769230769230776,
    "support": 48
  },
  "26": {
    "precision": 0.3829787234042553,
    "recall": 0.32142857142857145,
    "f1-score": 0.3495145631067961,
    "support": 56
  },
  "27": {
    "precision": 0.32075471698113206,
    "recall": 0.3333333333333333,
    "f1-score": 0.3269230769230769,
    "support": 51
  },
  "28": {
    "precision": 0.4489795918367347,
    "recall": 0.6111111111111112,
    "f1-score": 0.5176470588235293,
    "support": 36
  },
  "29": {
    "precision": 0.3902439024390244,
    "recall": 0.3018867924528302,
    "f1-score": 0.3404255319148936,
    "support": 53
  },
  "30": {
    "precision": 0.43283582089552236,
    "recall": 0.6170212765957447,
    "f1-score": 0.5087719298245613,
    "support": 47
  },
  "31": {
    "precision": 0.3191489361702128,
    "recall": 0.4166666666666667,
    "f1-score": 0.3614457831325302,
    "support": 36
  },
  "32": {
    "precision": 0.33962264150943394,
    "recall": 0.43902439024390244,
    "f1-score": 0.3829787234042553,
    "support": 41
  },
  "33": {
    "precision": 0.40625,
    "recall": 0.4642857142857143,
    "f1-score": 0.4333333333333333,
    "support": 56
  },
  "34": {
    "precision": 0.3548387096774194,
    "recall": 0.4230769230769231,
    "f1-score": 0.3859649122807018,
    "support": 52
  },
  "35": {
    "precision": 0.3404255319148936,
    "recall": 0.3902439024390244,
    "f1-score": 0.36363636363636365,
    "support": 41
  },
  "36": {
    "precision": 0.3548387096774194,
    "recall": 0.43137254901960786,
    "f1-score": 0.3893805309734513,
    "support": 51
  },
  "37": {
    "precision": 0.3409090909090909,
    "recall": 0.35714285714285715,
    "f1-score": 0.3488372093023256,
    "support": 42
  },
  "38": {
    "precision": 0.2857142857142857,
    "recall": 0.21428571428571427,
    "f1-score": 0.24489795918367344,
    "support": 56
  },
  "39": {
    "precision": 0.49230769230769234,
    "recall": 0.5517241379310345,
    "f1-score": 0.5203252032520326,
    "support": 58
  },
  "40": {
    "precision": 0.525,
    "recall": 0.3684210526315789,
    "f1-score": 0.4329896907216495,
    "support": 57
  },
  "41": {
    "precision": 0.7368421052631579,
    "recall": 0.6222222222222222,
    "f1-score": 0.6746987951807228,
    "support": 45
  },
  "42": {
    "precision": 0.3125,
    "recall": 0.43478260869565216,
    "f1-score": 0.36363636363636365,
    "support": 46
  },
  "43": {
    "precision": 0.35714285714285715,
    "recall": 0.4878048780487805,
    "f1-score": 0.41237113402061853,
    "support": 41
  },
  "44": {
    "precision": 0.20588235294117646,
    "recall": 0.1794871794871795,
    "f1-score": 0.19178082191780824,
    "support": 39
  },
  "45": {
    "precision": 0.2619047619047619,
    "recall": 0.25,
    "f1-score": 0.2558139534883721,
    "support": 44
  },
  "46": {
    "precision": 0.2647058823529412,
    "recall": 0.28125,
    "f1-score": 0.27272727272727276,
    "support": 32
  },
  "47": {
    "precision": 0.5102040816326531,
    "recall": 0.423728813559322,
    "f1-score": 0.46296296296296297,
    "support": 59
  },
  "48": {
    "precision": 0.6170212765957447,
    "recall": 0.48333333333333334,
    "f1-score": 0.5420560747663552,
    "support": 60
  },
  "49": {
    "precision": 0.5636363636363636,
    "recall": 0.5636363636363636,
    "f1-score": 0.5636363636363636,
    "support": 55
  },
  "50": {
    "precision": 0.23333333333333334,
    "recall": 0.175,
    "f1-score": 0.2,
    "support": 40
  },
  "51": {
    "precision": 0.3958333333333333,
    "recall": 0.48717948717948717,
    "f1-score": 0.43678160919540227,
    "support": 39
  },
  "52": {
    "precision": 0.5571428571428572,
    "recall": 0.75,
    "f1-score": 0.639344262295082,
    "support": 52
  },
  "53": {
    "precision": 0.74,
    "recall": 0.6727272727272727,
    "f1-score": 0.7047619047619048,
    "support": 55
  },
  "54": {
    "precision": 0.6451612903225806,
    "recall": 0.625,
    "f1-score": 0.634920634920635,
    "support": 64
  },
  "55": {
    "precision": 0.39285714285714285,
    "recall": 0.1896551724137931,
    "f1-score": 0.25581395348837205,
    "support": 58
  },
  "56": {
    "precision": 0.5660377358490566,
    "recall": 0.5882352941176471,
    "f1-score": 0.576923076923077,
    "support": 51
  },
  "57": {
    "precision": 0.5365853658536586,
    "recall": 0.46808510638297873,
    "f1-score": 0.5,
    "support": 47
  },
  "58": {
    "precision": 0.4107142857142857,
    "recall": 0.5348837209302325,
    "f1-score": 0.46464646464646464,