{
  "0": {
    "precision": 0.6835443037974683,
    "recall": 0.7397260273972602,
    "f1-score": 0.7105263157894737,
    "support": 73
  },
  "1": {
    "precision": 0.6129032258064516,
    "recall": 0.6551724137931034,
    "f1-score": 0.6333333333333333,
    "support": 58
  },
  "2": {
    "precision": 0.32075471698113206,
    "recall": 0.29310344827586204,
    "f1-score": 0.3063063063063063,
    "support": 58
  },
  "3": {
    "precision": 0.36363636363636365,
    "recall": 0.3137254901960784,
    "f1-score": 0.3368421052631579,
    "support": 51
  },
  "4": {
    "precision": 0.3442622950819672,
    "recall": 0.3230769230769231,
    "f1-score": 0.3333333333333333,
    "support": 65
  },
  "5": {
    "precision": 0.3787878787878788,
    "recall": 0.4098360655737705,
    "f1-score": 0.3937007874015748,
    "support": 61
  },
  "6": {
    "precision": 0.4426229508196721,
    "recall": 0.47368421052631576,
    "f1-score": 0.4576271186440678,
    "support": 57
  },
  "7": {
    "precision": 0.4166666666666667,
    "recall": 0.43859649122807015,
    "f1-score": 0.4273504273504274,
    "support": 57
  },
  "8": {
    "precision": 0.45454545454545453,
    "recall": 0.46153846153846156,
    "f1-score": 0.45801526717557256,
    "support": 65
  },
  "9": {
    "precision": 0.5185185185185185,
    "recall": 0.4745762711864407,
    "f1-score": 0.49557522123893805,
    "support": 59
  },
  "10": {
    "precision": 0.35714285714285715,
    "recall": 0.3,
    "f1-score": 0.32608695652173914,
    "support": 50
  },
  "11": {
    "precision": 0.3888888888888889,
    "recall": 0.4117647058823529,
    "f1-score": 0.39999999999999997,
    "support": 51
  },
  "12": {
    "precision": 0.532258064516129,
    "recall": 0.4342105263157895,
    "f1-score": 0.4782608695652174,
    "support": 76
  },
  "13": {
    "precision": 0.4406779661016949,
    "recall": 0.4727272727272727,
    "f1-score": 0.45614035087719296,
    "support": 55
  },
  "14": {
    "precision": 0.4117647058823529,
    "recall": 0.509090909090909,
    "f1-score": 0.45528455284552843,
    "support": 55
  },
  "15": {
    "precision": 0.3333333333333333,
    "recall": 0.4523809523809524,
    "f1-score": 0.3838383838383838,
    "support": 42
  },
  "16": {
    "precision": 0.421875,
    "recall": 0.421875,
    "f1-score": 0.421875,
    "support": 64
  },
  "17": {
    "precision": 0.5714285714285714,
    "recall": 0.625,
    "f1-score": 0.5970149253731343,
    "support": 64
  },
  "18": {
    "precision": 0.47058823529411764,
    "recall": 0.4528301886792453,
    "f1-score": 0.4615384615384615,
    "support": 53
  },
  "19": {
    "precision": 0.39344262295081966,
    "recall": 0.4528301886792453,
    "f1-score": 0.42105263157894735,
    "support": 53
  },
  "20": {
    "precision": 0.56,
    "recall": 0.5714285714285714,
    "f1-score": 0.5656565656565656,
    "support": 49
  },
  "21": {
    "precision": 0.6619718309859155,
    "recall": 0.734375,
    "f1-score": 0.6962962962962963,
    "support": 64
  },
  "22": {
    "precision": 0.5581395348837209,
    "recall": 0.36363636363636365,
    "f1-score": 0.4403669724770642,
    "support": 66
  },
  "23": {
    "precision": 0.6619718309859155,
    "recall": 0.7121212121212122,
    "f1-score": 0.6861313868613139,
    "support": 66
  },
  "24": {
    "precision": 0.6,
    "recall": 0.5789473684210527,
    "f1-score": 0.5892857142857143,
    "support": 57
  },
  "25": {
    "precision": 0.3333333333333333,
    "recall": 0.3469387755102041,
    "f1-score": 0.33999999999999997,
    "support": 49
  },
  "26": {
    "precision": 0.3333333333333333,
    "recall": 0.22727272727272727,
    "f1-score": 0.27027027027027023,
    "support": 66
  },
  "27": {
    "precision": 0.32051282051282054,
    "recall": 0.390625,
    "f1-score": 0.35211267605633806,
    "support": 64
  },
  "28": {
    "precision": 0.53125,
    "recall": 0.5964912280701754,
    "f1-score": 0.5619834710743801,
    "support": 57
  },
  "29": {
    "precision": 0.3375,
    "recall": 0.42857142857142855,
    "f1-score": 0.37762237762237766,
    "support": 63
  },
  "30": {
    "precision": 0.5606060606060606,
    "recall": 0.5873015873015873,
    "f1-score": 0.5736434108527131,
    "support": 63
  },
  "31": {
    "precision": 0.35526315789473684,
    "recall": 0.4426229508196721,
    "f1-score": 0.39416058394160586,
    "support": 61
  },
  "32": {
    "precision": 0.43333333333333335,
    "recall": 0.3939393939393939,
    "f1-score": 0.4126984126984127,
    "support": 66
  },
  "33": {
    "precision": 0.34146341463414637,
    "recall": 0.4827586206896552,
    "f1-score": 0.4000000000000001,
    "support": 58
  },
  "34": {
    "precision": 0.2318840579710145,
    "recall": 0.34782608695652173,
    "f1-score": 0.2782608695652174,
    "support": 46
  },
  "35": {
    "precision": 0.4,
    "recall": 0.3793103448275862,
    "f1-score": 0.3893805309734513,
    "support": 58
  },
  "36": {
    "precision": 0.4473684210526316,
    "recall": 0.5862068965517241,
    "f1-score": 0.5074626865671642,
    "support": 58
  },
  "37": {
    "precision": 0.43859649122807015,
    "recall": 0.373134328358209,
    "f1-score": 0.4032258064516129,
    "support": 67
  },
  "38": {
    "precision": 0.3673469387755102,
    "recall": 0.2608695652173913,
    "f1-score": 0.3050847457627119,
    "support": 69
  },
  "39": {
    "precision": 0.546875,
    "recall": 0.6140350877192983,
    "f1-score": 0.5785123966942148,
    "support": 57
  },
  "40": {
    "precision": 0.5454545454545454,
    "recall": 0.4864864864864865,
    "f1-score": 0.5142857142857143,
    "support": 74
  },
  "41": {
    "precision": 0.6376811594202898,
    "recall": 0.676923076923077,
    "f1-score": 0.6567164179104477,
    "support": 65
  },
  "42": {
    "precision": 0.3333333333333333,
    "recall": 0.46774193548387094,
    "f1-score": 0.3892617449664429,
    "support": 62
  },
  "43": {
    "precision": 0.41975308641975306,
    "recall": 0.5483870967741935,
    "f1-score": 0.4755244755244755,
    "support": 62
  },
  "44": {
    "precision": 0.3103448275862069,
    "recall": 0.34615384615384615,
    "f1-score": 0.32727272727272727,
    "support": 52
  },
  "45": {
    "precision": 0.34615384615384615,
    "recall": 0.2857142857142857,
    "f1-score": 0.3130434782608696,
    "support": 63
  },
  "46": {
    "precision": 0.5454545454545454,
    "recall": 0.375,
    "f1-score": 0.4444444444444444,
    "support": 64
  },
  "47": {
    "precision": 0.6153846153846154,
    "recall": 0.47761194029850745,
    "f1-score": 0.5378151260504201,
    "support": 67
  },
  "48": {
    "precision": 0.5142857142857142,
    "recall": 0.5373134328358209,
    "f1-score": 0.5255474452554744,
    "support": 67
  },
  "49": {
    "precision": 0.5757575757575758,
    "recall": 0.5588235294117647,
    "f1-score": 0.5671641791044776,
    "support": 68
  },
  "50": {
    "precision": 0.2127659574468085,
    "recall": 0.16666666666666666,
    "f1-score": 0.18691588785046728,
    "support": 60
  },
  "51": {
    "precision": 0.42857142857142855,
    "recall": 0.39705882352941174,
    "f1-score": 0.41221374045801523,
    "support": 68
  },
  "52": {
    "precision": 0.6060606060606061,
    "recall": 0.7017543859649122,
    "f1-score": 0.6504065040650407,
    "support": 57
  },
  "53": {
    "precision": 0.6851851851851852,
    "recall": 0.6851851851851852,
    "f1-score": 0.6851851851851852,
    "support": 54
  },
  "54": {
    "precision": 0.5671641791044776,
    "recall": 0.6031746031746031,
    "f1-score": 0.5846153846153845,
    "support": 63
  },
  "55": {
    "precision": 0.34615384615384615,
    "recall": 0.16363636363636364,
    "f1-score": 0.2222222222222222,
    "support": 55
  },
  "56": {
    "precision": 0.6619718309859155,
    "recall": 0.6911764705882353,
    "f1-score": 0.6762589928057554,
    "support": 68
  },
  "57": {
    "precision": 0.5,
    "recall": 0.423728813559322,
    "f1-score": 0.4587155963302752,
    "support": 59
  },